{"stats":{"minecraft:dropped":{"slu:broken_sword":3,"minecraft:feather":2,"slu:repairstone":7,"sophisticatedbackpacks:backpack":1,"minecraft:white_bed":1,"slu:knight_soul":6,"minecraft:wooden_pickaxe":1,"irons_spellbooks:frozen_bone":1,"epicfight:stray_robe":1,"minecraft:spruce_sapling":1},"minecraft:picked_up":{"ars_nouveau:red_archwood_log":43,"minecraft:crafting_table":4,"minecraft:feather":2,"minecraft:chicken":2,"slu:repairstone":7,"slu:estus_shard":2,"slu:estus_flask":1,"ars_nouveau:archwood_planks":12,"minecraft:dirt":10,"minecraft:iron_axe":1,"minecraft:bone":4,"dungeons_and_combat:combat_style_manual":1,"minecraft:apple":2,"minecraft:bow":1,"irons_spellbooks:arcane_essence":2,"slu:broken_sword":3,"minecraft:spruce_planks":41,"minecraft:stone_pickaxe":1,"minecraft:player_head":1,"slu:dagger":2,"minecraft:tipped_arrow":1,"minecraft:stick":2,"minecraft:cooked_porkchop":1,"irons_spellbooks:frozen_bone":1,"sophisticatedbackpacks:backpack":2,"epicfight:skillbook":3,"minecraft:spruce_sapling":1,"minecraft:white_bed":4,"minecraft:spruce_log":2,"alexsmobs:animal_dictionary":1,"minecraft:arrow":27,"minecraft:stone_axe":1,"minecraft:beetroot_seeds":5,"farmersdelight:onion":5,"ars_nouveau:worn_notebook":1,"minecraft:hay_block":7,"minecraft:crossbow":1,"minecraft:emerald":4,"minecraft:bread":2,"minecraft:gold_ingot":10,"slu:knight_soul":6,"epicfight:stray_robe":1,"minecraft:coal":26,"minecraft:snowball":16,"minecraft:cobblestone":25},"minecraft:custom":{"minecraft:interact_with_furnace":5,"lootr:looted_stat":14,"minecraft:mob_kills":13,"minecraft:interact_with_crafting_table":12,"minecraft:time_since_death":25949,"minecraft:sleep_in_bed":1,"minecraft:climb_one_cm":2571,"minecraft:time_since_rest":20609,"minecraft:sprint_one_cm":102481,"minecraft:damage_taken":1206,"minecraft:walk_one_cm":173311,"minecraft:drop":21,"minecraft:damage_dealt":3036,"minecraft:swim_one_cm":2285,"minecraft:fly_one_cm":110413,"minecraft:crouch_one_cm":2165,"minecraft:play_time":54566,"minecraft:deaths":2,"minecraft:sneak_time":598,"minecraft:walk_under_water_one_cm":954,"minecraft:jump":794,"minecraft:walk_on_water_one_cm":3424,"minecraft:interact_with_smoker":1,"minecraft:total_world_time":54566,"minecraft:fall_one_cm":18113},"minecraft:killed":{"irons_spellbooks:summoned_zombie":1,"minecraft:vindicator":1,"slu:knight":1,"minecraft:skeleton":2,"minecraft:pillager":2,"minecraft:zombie":1,"minecraft:chicken":2,"ars_nouveau:whirlisprig":1,"minecraft:stray":1,"irons_spellbooks:summoned_skeleton":1},"minecraft:mined":{"farmersdelight:onions":2,"minecraft:white_bed":2,"minecraft:dark_oak_log":2,"minecraft:crafting_table":3,"minecraft:grass_block":5,"minecraft:large_fern":1,"minecraft:hay_block":7,"minecraft:spruce_log":3,"minecraft:grass":3,"ars_nouveau:red_archwood_log":26,"minecraft:coal_ore":26,"minecraft:dirt":5,"minecraft:stone":27,"minecraft:oak_leaves":1},"minecraft:broken":{"minecraft:iron_axe":1},"minecraft:killed_by":{"minecraft:player":1,"minecraft:skeleton":1},"minecraft:used":{"epicfight:skillbook":4,"minecraft:stone_pickaxe":52,"minecraft:wooden_pickaxe":3,"minecraft:cooked_chicken":1,"minecraft:dirt":4,"farmersdelight:onion":6,"minecraft:crafting_table":3,"ars_nouveau:archwood_planks":4,"minecraft:crossbow":4,"minecraft:white_bed":1,"epicfight:stray_robe":1,"minecraft:apple":4,"slu:dagger":91,"minecraft:iron_axe":32,"minecraft:bread":7,"minecraft:stone_axe":12,"minecraft:bow":30,"minecraft:furnace":1,"minecraft:cooked_porkchop":1,"alexsmobs:animal_dictionary":1},"minecraft:crafted":{"ars_nouveau:archwood_planks":96,"minecraft:crafting_table":1,"minecraft:spruce_planks":8,"minecraft:wooden_pickaxe":1,"minecraft:cooked_chicken":1,"minecraft:furnace":1,"minecraft:stone_axe":1,"minecraft:shield":1,"minecraft:stick":8,"minecraft:stone_pickaxe":1}},"DataVersion":3465}