{"stats":{"minecraft:dropped":{"slu:broken_sword":3,"minecraft:wheat_seeds":1,"minecraft:cobblestone_wall":1,"minecraft:feather":2,"slu:repairstone":11,"dungeons_and_combat:slimy_tongue":2,"sophisticatedbackpacks:backpack":1,"minecraft:white_bed":1,"dungeons_and_combat:bronze_dagger":1,"minecraft:tipped_arrow":1,"minecraft:snowball":16,"slu:knight_soul":6,"dungeons_and_combat:estus_flask":1,"minecraft:bow":1,"minecraft:stone_pickaxe":1,"minecraft:wooden_pickaxe":1,"dungeons_and_combat:mimic_eye":2,"irons_spellbooks:frozen_bone":1,"epicfight:stray_robe":1,"epicfight:skillbook":1,"minecraft:spruce_sapling":1},"minecraft:picked_up":{"ars_nouveau:red_archwood_log":43,"dungeons_and_combat:mimic_eye":2,"minecraft:crafting_table":4,"minecraft:feather":4,"minecraft:chicken":2,"minecraft:wooden_pickaxe":1,"minecraft:stone_brick_stairs":2,"dungeons_and_combat:slimy_tongue":2,"minecraft:cobblestone_wall":1,"slu:repairstone":11,"slu:estus_shard":2,"slu:estus_flask":1,"ars_nouveau:archwood_planks":12,"minecraft:dirt":12,"minecraft:lantern":1,"minecraft:iron_axe":1,"minecraft:stone_bricks":3,"minecraft:bone":8,"dungeons_and_combat:combat_style_manual":1,"minecraft:apple":2,"minecraft:wheat_seeds":1,"minecraft:bow":2,"irons_spellbooks:arcane_essence":2,"slu:broken_sword":3,"dungeons_and_combat:bronze_dagger":1,"minecraft:spruce_planks":42,"minecraft:stone_pickaxe":1,"dungeons_and_combat:estus_flask":1,"minecraft:player_head":1,"slu:dagger":2,"minecraft:tipped_arrow":1,"minecraft:stick":2,"minecraft:cooked_porkchop":1,"irons_spellbooks:frozen_bone":1,"minecraft:sweet_berries":12,"minecraft:spruce_fence":1,"sophisticatedbackpacks:backpack":2,"epicfight:skillbook":3,"minecraft:spruce_sapling":1,"minecraft:white_bed":4,"minecraft:spruce_log":2,"alexsmobs:animal_dictionary":1,"minecraft:arrow":29,"dungeons_and_combat:bone_planks":1,"minecraft:spruce_boat":1,"minecraft:stone_axe":1,"minecraft:beetroot_seeds":5,"farmersdelight:onion":5,"ars_nouveau:worn_notebook":1,"minecraft:hay_block":8,"minecraft:crossbow":1,"minecraft:golden_apple":1,"ars_nouveau:sourceberry_bush":7,"minecraft:emerald":4,"minecraft:bread":2,"minecraft:gold_ingot":10,"slu:knight_soul":6,"epicfight:stray_robe":1,"minecraft:coal":26,"minecraft:snowball":32,"minecraft:cobblestone":26},"minecraft:custom":{"minecraft:interact_with_furnace":5,"lootr:looted_stat":22,"minecraft:mob_kills":17,"minecraft:interact_with_crafting_table":16,"minecraft:open_barrel":2,"minecraft:time_since_death":49949,"minecraft:sleep_in_bed":1,"minecraft:climb_one_cm":3995,"minecraft:time_since_rest":44609,"minecraft:sprint_one_cm":173271,"minecraft:damage_taken":1529,"minecraft:walk_one_cm":264271,"minecraft:damage_blocked_by_shield":90,"minecraft:drop":38,"minecraft:damage_dealt":3808,"minecraft:swim_one_cm":4252,"minecraft:fly_one_cm":158528,"minecraft:crouch_one_cm":2421,"minecraft:play_time":78566,"minecraft:deaths":2,"minecraft:sneak_time":624,"minecraft:walk_under_water_one_cm":2720,"minecraft:boat_one_cm":12620,"minecraft:jump":1161,"minecraft:walk_on_water_one_cm":9508,"minecraft:interact_with_smoker":1,"minecraft:total_world_time":78566,"minecraft:fall_one_cm":28655},"minecraft:mined":{"minecraft:spruce_planks":1,"farmersdelight:onions":2,"minecraft:white_bed":2,"minecraft:dark_oak_log":2,"minecraft:crafting_table":3,"minecraft:spruce_fence":1,"minecraft:grass_block":7,"minecraft:cobblestone":1,"minecraft:tall_grass":2,"ars_nouveau:sourceberry_bush":4,"minecraft:large_fern":1,"minecraft:hay_block":8,"minecraft:cobblestone_wall":1,"minecraft:sweet_berry_bush":3,"minecraft:spruce_log":3,"minecraft:birch_leaves":1,"minecraft:stone_brick_stairs":2,"minecraft:grass":7,"minecraft:stone_bricks":3,"ars_nouveau:red_archwood_log":26,"minecraft:coal_ore":26,"minecraft:vine":1,"minecraft:dirt":5,"minecraft:stone":27,"minecraft:oak_leaves":3},"minecraft:killed":{"dungeons_and_combat:palehand":2,"irons_spellbooks:summoned_zombie":1,"minecraft:vindicator":1,"slu:knight":1,"minecraft:skeleton":4,"minecraft:pillager":2,"minecraft:zombie":1,"minecraft:chicken":2,"ars_nouveau:whirlisprig":1,"minecraft:stray":1,"irons_spellbooks:summoned_skeleton":1},"minecraft:broken":{"minecraft:iron_axe":1},"minecraft:killed_by":{"minecraft:player":1,"minecraft:skeleton":1},"minecraft:used":{"dungeons_and_combat:estus_flask":1,"minecraft:water_bucket":3,"epicfight:skillbook":7,"minecraft:stone_pickaxe":52,"minecraft:shield":3,"minecraft:wooden_pickaxe":3,"minecraft:cooked_chicken":1,"minecraft:dirt":6,"farmersdelight:onion":6,"minecraft:crafting_table":3,"ars_nouveau:archwood_planks":4,"minecraft:crossbow":4,"minecraft:white_bed":2,"minecraft:snowball":16,"dungeons_and_combat:bone_planks":1,"epicfight:stray_robe":1,"minecraft:apple":4,"slu:dagger":126,"minecraft:iron_axe":32,"minecraft:bread":17,"minecraft:iron_pickaxe":8,"minecraft:stone_brick_stairs":2,"minecraft:stone_axe":14,"ars_nouveau:sourceberry_bush":2,"minecraft:bow":37,"minecraft:goat_horn":3,"minecraft:furnace":1,"minecraft:cooked_porkchop":1,"minecraft:bucket":4,"alexsmobs:animal_dictionary":1},"minecraft:crafted":{"ars_nouveau:archwood_planks":96,"minecraft:crafting_table":1,"minecraft:spruce_planks":8,"minecraft:wooden_pickaxe":1,"minecraft:cooked_chicken":1,"minecraft:furnace":1,"minecraft:bucket":1,"minecraft:stone_axe":1,"minecraft:bread":7,"minecraft:shield":1,"minecraft:stick":8,"minecraft:stone_pickaxe":1}},"DataVersion":3465}