{"stats":{"minecraft:dropped":{"minecraft:player_head":2,"minecraft:cooked_chicken":1,"minecraft:cooked_porkchop":3,"minecraft:rotten_flesh":4,"slu:dagger":1,"minecraft:dark_oak_planks":1,"epicfight:skillbook":2,"minecraft:blue_bed":1},"minecraft:picked_up":{"ars_nouveau:red_archwood_log":12,"minecraft:crafting_table":1,"minecraft:iron_chestplate":1,"minecraft:feather":22,"minecraft:wooden_pickaxe":3,"minecraft:potato":15,"minecraft:filled_map":1,"slu:metal_shard":24,"slu:repairstone":12,"slu:estus_shard":2,"slu:estus_flask":1,"ars_nouveau:archwood_planks":46,"minecraft:string":4,"minecraft:blue_bed":4,"minecraft:name_tag":1,"minecraft:iron_leggings":1,"slu:metal_shard_2":4,"minecraft:bone":21,"dungeons_and_combat:combat_style_manual":6,"minecraft:apple":8,"minecraft:bow":2,"irons_spellbooks:arcane_essence":3,"minecraft:spruce_planks":156,"alexsmobs:cooked_moose_ribs":12,"minecraft:iron_ingot":39,"minecraft:cooked_chicken":2,"minecraft:player_head":10,"minecraft:glass_bottle":2,"minecraft:iron_sword":3,"minecraft:oak_planks":6,"slu:dagger":9,"minecraft:iron_boots":2,"minecraft:tipped_arrow":4,"minecraft:stick":4,"minecraft:cooked_porkchop":18,"irons_spellbooks:frozen_bone":3,"slu:hollow_soul":48,"alexsmobs:shark_tooth_arrow":2,"minecraft:green_bed":3,"sophisticatedbackpacks:backpack":2,"epicfight:skillbook":3,"minecraft:spruce_sapling":1,"minecraft:white_bed":17,"minecraft:spruce_log":19,"minecraft:dark_oak_log":4,"minecraft:iron_horse_armor":1,"minecraft:spider_eye":3,"alexsmobs:animal_dictionary":5,"minecraft:dark_oak_planks":9,"minecraft:arrow":70,"minecraft:rotten_flesh":6,"minecraft:diamond":3,"minecraft:stone_axe":2,"farmersdelight:onion":1,"ars_nouveau:worn_notebook":5,"slu:healingstone":8,"minecraft:iron_helmet":1,"minecraft:emerald":13,"minecraft:gold_ingot":7,"minecraft:bread":10,"slu:knight_soul":18,"minecraft:oak_sapling":2,"minecraft:dark_oak_fence":2,"minecraft:obsidian":5,"minecraft:iron_bars":5,"minecraft:coal":39,"minecraft:snowball":3,"minecraft:cobblestone":26,"minecraft:ender_pearl":3},"minecraft:custom":{"minecraft:interact_with_furnace":1,"lootr:looted_stat":14,"minecraft:mob_kills":51,"minecraft:interact_with_crafting_table":3,"minecraft:leave_game":4,"minecraft:time_since_death":14117,"minecraft:sleep_in_bed":4,"minecraft:climb_one_cm":3625,"minecraft:time_since_rest":14144,"minecraft:sprint_one_cm":189023,"minecraft:damage_taken":3509,"minecraft:walk_one_cm":423269,"minecraft:drop":15,"minecraft:damage_dealt":7778,"minecraft:swim_one_cm":2023,"minecraft:fly_one_cm":191354,"minecraft:talked_to_villager":2,"minecraft:play_time":85967,"waystones:waystone_activated":2,"minecraft:crouch_one_cm":910,"minecraft:deaths":8,"minecraft:sneak_time":177,"minecraft:walk_under_water_one_cm":315,"minecraft:jump":1307,"minecraft:walk_on_water_one_cm":3538,"minecraft:total_world_time":85967,"minecraft:fall_one_cm":28252},"minecraft:killed":{"minecraft:pig":1,"slu:hollow_soldier_spear":2,"minecraft:vindicator":3,"minecraft:spider":2,"alexsmobs:snow_leopard":1,"minecraft:creeper":1,"minecraft:skeleton":11,"minecraft:pillager":14,"minecraft:zombie":5,"minecraft:chicken":2,"minecraft:stray":3,"slu:dungeon_knight":1,"alexsmobs:tusklin":1},"minecraft:mined":{"farmersdelight:onions":1,"minecraft:white_bed":7,"minecraft:crafting_table":1,"minecraft:dark_oak_fence":1,"minecraft:spruce_leaves":6,"minecraft:oak_planks":4,"minecraft:blue_bed":1,"minecraft:large_fern":1,"minecraft:spruce_log":15,"ars_nouveau:red_archwood_log":10,"minecraft:potatoes":3,"minecraft:coal_ore":37,"minecraft:stone":22,"minecraft:green_bed":2},"minecraft:killed_by":{"minecraft:skeleton":1,"slu:dungeon_knight":1,"alexsmobs:moose":1,"alexsmobs:tusklin":1,"slu:knight":1,"slu:hollow_soldier_spear":2},"minecraft:used":{"epicfight:skillbook":3,"minecraft:stone_pickaxe":45,"minecraft:spruce_planks":15,"minecraft:wooden_pickaxe":14,"minecraft:iron_sword":75,"minecraft:cooked_chicken":1,"minecraft:iron_chestplate":2,"farmersdelight:onion":1,"minecraft:crafting_table":2,"minecraft:carrot":7,"minecraft:white_bed":6,"minecraft:dark_oak_planks":1,"minecraft:apple":6,"slu:dagger":86,"minecraft:bread":10,"minecraft:iron_helmet":1,"minecraft:iron_boots":1,"minecraft:stone_axe":5,"minecraft:bow":27,"minecraft:cobblestone":9,"minecraft:cooked_porkchop":6,"minecraft:egg":1,"minecraft:iron_leggings":2},"minecraft:crafted":{"minecraft:crafting_table":2,"ars_nouveau:archwood_planks":48,"minecraft:spruce_planks":60,"minecraft:stone_axe":1,"minecraft:stick":12,"minecraft:stone_pickaxe":1,"minecraft:dark_oak_planks":8}},"DataVersion":3465}