{"stats":{"minecraft:dropped":{"minecraft:player_head":2,"minecraft:cooked_chicken":1,"minecraft:crafting_table":1,"minecraft:cooked_porkchop":3,"minecraft:feather":2,"minecraft:rotten_flesh":4,"minecraft:spruce_boat":1,"slu:dagger":1,"minecraft:bow":1,"minecraft:dark_oak_planks":1,"epicfight:skillbook":2,"minecraft:blue_bed":1},"minecraft:picked_up":{"ars_nouveau:red_archwood_log":12,"minecraft:crafting_table":2,"minecraft:iron_chestplate":1,"minecraft:feather":22,"minecraft:wooden_pickaxe":3,"minecraft:potato":15,"minecraft:filled_map":1,"slu:metal_shard":24,"slu:repairstone":12,"slu:estus_shard":2,"slu:estus_flask":1,"ars_nouveau:archwood_planks":46,"minecraft:string":4,"minecraft:blue_bed":4,"minecraft:name_tag":1,"minecraft:iron_leggings":1,"slu:metal_shard_2":4,"minecraft:bone":23,"dungeons_and_combat:combat_style_manual":6,"minecraft:apple":8,"minecraft:bow":3,"irons_spellbooks:arcane_essence":3,"minecraft:spruce_planks":156,"alexsmobs:cooked_moose_ribs":12,"minecraft:iron_ingot":39,"minecraft:cooked_chicken":2,"minecraft:player_head":10,"minecraft:glass_bottle":2,"minecraft:iron_sword":3,"minecraft:oak_planks":6,"slu:dagger":9,"minecraft:iron_boots":2,"minecraft:tipped_arrow":4,"minecraft:stick":4,"minecraft:cooked_porkchop":18,"irons_spellbooks:frozen_bone":3,"slu:hollow_soul":48,"alexsmobs:shark_tooth_arrow":2,"minecraft:green_bed":3,"sophisticatedbackpacks:backpack":2,"epicfight:skillbook":4,"minecraft:spruce_sapling":1,"minecraft:white_bed":17,"minecraft:spruce_log":38,"minecraft:dark_oak_log":4,"minecraft:iron_horse_armor":1,"minecraft:spider_eye":3,"alexsmobs:animal_dictionary":5,"minecraft:dark_oak_planks":9,"minecraft:arrow":72,"minecraft:rotten_flesh":6,"minecraft:diamond":3,"minecraft:spruce_boat":1,"minecraft:stone_axe":2,"farmersdelight:onion":1,"ars_nouveau:worn_notebook":5,"slu:healingstone":8,"minecraft:iron_helmet":1,"minecraft:saddle":1,"minecraft:emerald":13,"minecraft:gold_ingot":7,"minecraft:bread":10,"slu:knight_soul":18,"minecraft:oak_sapling":2,"minecraft:dark_oak_fence":2,"minecraft:obsidian":5,"minecraft:iron_bars":5,"minecraft:coal":39,"minecraft:snowball":3,"minecraft:cobblestone":26,"minecraft:ender_pearl":3},"minecraft:custom":{"minecraft:interact_with_furnace":2,"lootr:looted_stat":20,"minecraft:mob_kills":54,"minecraft:interact_with_crafting_table":6,"minecraft:leave_game":4,"minecraft:time_since_death":26117,"minecraft:sleep_in_bed":4,"minecraft:climb_one_cm":5095,"minecraft:time_since_rest":26144,"minecraft:sprint_one_cm":217916,"minecraft:damage_taken":3699,"minecraft:walk_one_cm":475602,"minecraft:drop":19,"minecraft:damage_dealt":8327,"minecraft:swim_one_cm":4484,"minecraft:fly_one_cm":210373,"minecraft:talked_to_villager":2,"minecraft:play_time":97967,"waystones:waystone_activated":2,"minecraft:crouch_one_cm":910,"minecraft:deaths":8,"minecraft:sneak_time":177,"minecraft:walk_under_water_one_cm":1118,"minecraft:boat_one_cm":17025,"minecraft:jump":1423,"minecraft:walk_on_water_one_cm":7299,"minecraft:total_world_time":97967,"minecraft:fall_one_cm":31795},"minecraft:killed":{"minecraft:pig":1,"slu:hollow_soldier_spear":2,"minecraft:vindicator":3,"minecraft:spider":2,"alexsmobs:snow_leopard":1,"minecraft:creeper":1,"minecraft:skeleton":14,"minecraft:pillager":14,"minecraft:zombie":5,"minecraft:chicken":2,"minecraft:stray":3,"slu:dungeon_knight":1,"alexsmobs:tusklin":1},"minecraft:mined":{"farmersdelight:onions":1,"minecraft:white_bed":7,"minecraft:crafting_table":2,"minecraft:dark_oak_fence":1,"minecraft:spruce_leaves":6,"minecraft:oak_planks":4,"minecraft:blue_bed":1,"minecraft:large_fern":1,"minecraft:spruce_log":34,"minecraft:grass":2,"ars_nouveau:red_archwood_log":10,"minecraft:potatoes":3,"minecraft:coal_ore":37,"minecraft:stone":22,"minecraft:oak_leaves":2,"minecraft:green_bed":2},"minecraft:killed_by":{"minecraft:skeleton":1,"slu:dungeon_knight":1,"alexsmobs:moose":1,"alexsmobs:tusklin":1,"slu:knight":1,"slu:hollow_soldier_spear":2},"minecraft:used":{"epicfight:skillbook":4,"minecraft:stone_pickaxe":45,"minecraft:spruce_planks":15,"minecraft:wooden_pickaxe":14,"minecraft:iron_sword":88,"minecraft:green_bed":1,"minecraft:cooked_chicken":1,"minecraft:iron_chestplate":2,"farmersdelight:onion":1,"minecraft:crafting_table":4,"minecraft:carrot":12,"minecraft:white_bed":6,"minecraft:spruce_boat":2,"minecraft:dark_oak_planks":1,"minecraft:apple":6,"slu:dagger":89,"minecraft:bread":10,"minecraft:iron_helmet":1,"minecraft:iron_boots":1,"minecraft:stone_axe":26,"minecraft:bow":27,"minecraft:cobblestone":9,"minecraft:cooked_porkchop":6,"minecraft:bucket":1,"minecraft:egg":1,"minecraft:iron_leggings":2,"minecraft:experience_bottle":2},"minecraft:crafted":{"minecraft:crafting_table":4,"ars_nouveau:archwood_planks":48,"minecraft:spruce_planks":84,"minecraft:bucket":1,"minecraft:stone_axe":1,"minecraft:stick":12,"minecraft:stone_pickaxe":1,"minecraft:spruce_boat":3,"minecraft:dark_oak_planks":8}},"DataVersion":3465}