{"stats":{"minecraft:picked_up":{"minecraft:feather":4,"minecraft:cooked_porkchop":4,"dungeons_and_combat:combat_style_manual":1,"farmersdelight:onion":1,"ars_nouveau:worn_notebook":1,"minecraft:potato":3,"alexsmobs:cooked_moose_ribs":2,"minecraft:player_head":1,"minecraft:spruce_sapling":1,"minecraft:white_bed":2,"slu:estus_shard":2,"slu:estus_flask":1,"minecraft:blue_bed":1,"alexsmobs:animal_dictionary":1,"slu:dagger":1},"minecraft:killed":{"minecraft:pig":1},"minecraft:custom":{"minecraft:time_since_rest":5040,"minecraft:damage_taken":288,"minecraft:play_time":9125,"minecraft:crouch_one_cm":656,"waystones:waystone_activated":1,"minecraft:sprint_one_cm":12652,"minecraft:walk_one_cm":39958,"minecraft:deaths":1,"minecraft:sneak_time":73,"minecraft:mob_kills":3,"minecraft:jump":87,"minecraft:damage_dealt":530,"minecraft:leave_game":3,"minecraft:time_since_death":5005,"minecraft:walk_on_water_one_cm":35,"minecraft:total_world_time":9125,"minecraft:fly_one_cm":14260,"minecraft:fall_one_cm":1999},"minecraft:killed_by":{"alexsmobs:moose":1},"minecraft:mined":{"minecraft:potatoes":3,"farmersdelight:onions":1,"minecraft:white_bed":2,"minecraft:spruce_leaves":4,"minecraft:blue_bed":1},"minecraft:used":{"epicfight:skillbook":3,"farmersdelight:onion":1,"slu:dagger":18}},"DataVersion":3465}