{"stats":{"minecraft:dropped":{"minecraft:crafting_table":1,"minecraft:cooked_porkchop":3,"minecraft:feather":2,"minecraft:dark_oak_planks":1,"minecraft:blue_bed":1,"minecraft:player_head":3,"minecraft:cooked_chicken":1,"minecraft:bowl":1,"minecraft:rotten_flesh":4,"minecraft:spruce_boat":1,"slu:dagger":1,"minecraft:bow":1,"epicfight:skillbook":2},"minecraft:picked_up":{"ars_nouveau:red_archwood_log":12,"dungeons_and_combat:mimic_eye":1,"minecraft:iron_chestplate":2,"minecraft:crafting_table":2,"minecraft:wooden_pickaxe":3,"slu:metal_shard":24,"slu:estus_flask":1,"ars_nouveau:archwood_planks":46,"minecraft:string":4,"minecraft:iron_leggings":3,"irons_spellbooks:arcane_essence":3,"minecraft:spruce_planks":161,"alexsmobs:cooked_moose_ribs":12,"minecraft:player_head":11,"minecraft:iron_boots":3,"slu:dagger":10,"minecraft:tipped_arrow":4,"minecraft:stick":13,"slu:hollow_soul":48,"alexsmobs:shark_tooth_arrow":2,"minecraft:green_bed":4,"sophisticatedbackpacks:backpack":3,"epicfight:skillbook":4,"minecraft:carrot":9,"minecraft:iron_horse_armor":2,"minecraft:dark_oak_planks":9,"minecraft:arrow":98,"minecraft:rotten_flesh":7,"farmersdelight:onion":1,"ars_nouveau:worn_notebook":5,"minecraft:gold_ingot":19,"minecraft:saddle":2,"slu:knight_soul":18,"minecraft:obsidian":10,"minecraft:snowball":3,"minecraft:iron_bars":5,"minecraft:cobblestone":34,"minecraft:feather":22,"minecraft:water_bucket":1,"minecraft:potato":40,"minecraft:filled_map":2,"dungeons_and_combat:slimy_tongue":1,"slu:repairstone":16,"slu:estus_shard":2,"minecraft:blue_bed":4,"minecraft:name_tag":1,"slu:metal_shard_2":4,"irons_spellbooks:common_ink":2,"minecraft:bone":63,"dungeons_and_combat:combat_style_manual":6,"minecraft:apple":21,"minecraft:bow":4,"minecraft:iron_ingot":80,"minecraft:stone_pickaxe":1,"minecraft:cooked_chicken":2,"minecraft:glass_bottle":2,"minecraft:oak_planks":6,"minecraft:iron_sword":5,"irons_spellbooks:frozen_bone":3,"minecraft:cooked_porkchop":18,"minecraft:spruce_sapling":1,"minecraft:white_bed":18,"minecraft:spruce_log":51,"minecraft:dark_oak_log":4,"minecraft:spider_eye":3,"alexsmobs:animal_dictionary":5,"minecraft:stone_axe":3,"minecraft:diamond":6,"minecraft:spruce_boat":2,"slu:healingstone":8,"minecraft:iron_helmet":2,"minecraft:bread":14,"minecraft:emerald":25,"minecraft:oak_sapling":2,"minecraft:dark_oak_fence":2,"minecraft:coal":76,"minecraft:ender_pearl":6},"minecraft:custom":{"lootr:looted_stat":22,"minecraft:mob_kills":62,"minecraft:interact_with_crafting_table":6,"minecraft:open_barrel":1,"minecraft:leave_game":4,"minecraft:time_since_death":7268,"minecraft:climb_one_cm":5309,"minecraft:damage_resisted":28,"minecraft:sprint_one_cm":253531,"minecraft:walk_one_cm":556801,"minecraft:drop":21,"minecraft:talked_to_villager":2,"minecraft:play_time":109967,"minecraft:deaths":9,"minecraft:sneak_time":187,"minecraft:walk_under_water_one_cm":1292,"minecraft:boat_one_cm":17025,"minecraft:jump":1656,"minecraft:walk_on_water_one_cm":8689,"minecraft:total_world_time":109967,"minecraft:interact_with_furnace":2,"minecraft:sleep_in_bed":4,"minecraft:time_since_rest":7295,"minecraft:damage_taken":4114,"minecraft:damage_dealt":9189,"minecraft:swim_one_cm":6408,"minecraft:fly_one_cm":227758,"minecraft:crouch_one_cm":910,"waystones:waystone_activated":2,"minecraft:fall_one_cm":37684},"minecraft:killed":{"slu:hollow_soldier_spear":2,"minecraft:spider":2,"minecraft:vindicator":3,"alexsmobs:snow_leopard":1,"minecraft:skeleton":14,"minecraft:chicken":2,"slu:dungeon_knight":1,"alexsmobs:tusklin":1,"dungeons_and_combat:palehand":5,"minecraft:pig":1,"minecraft:creeper":1,"minecraft:pillager":14,"minecraft:zombie":7,"minecraft:stray":3},"minecraft:mined":{"farmersdelight:onions":1,"minecraft:white_bed":7,"minecraft:dark_oak_fence":1,"minecraft:spruce_leaves":6,"minecraft:large_fern":1,"minecraft:potatoes":3,"ars_nouveau:red_archwood_log":10,"minecraft:stone":22,"minecraft:green_bed":2,"minecraft:crafting_table":2,"minecraft:oak_planks":4,"minecraft:blue_bed":1,"minecraft:spruce_log":34,"minecraft:grass":2,"minecraft:coal_ore":37,"minecraft:oak_leaves":2},"minecraft:killed_by":{"slu:dungeon_knight":1,"alexsmobs:tusklin":1,"slu:hollow_soldier_spear":2,"minecraft:skeleton":1,"alexsmobs:moose":1,"slu:knight":1},"minecraft:used":{"minecraft:spruce_planks":15,"minecraft:iron_sword":93,"minecraft:cooked_chicken":1,"minecraft:iron_chestplate":2,"minecraft:carrot":21,"minecraft:spruce_boat":2,"minecraft:dark_oak_planks":1,"slu:dagger":107,"minecraft:iron_helmet":2,"minecraft:iron_boots":1,"minecraft:bow":42,"minecraft:egg":1,"minecraft:iron_leggings":3,"epicfight:skillbook":4,"minecraft:stone_pickaxe":45,"minecraft:wooden_pickaxe":14,"minecraft:green_bed":1,"farmersdelight:onion":1,"dungeons_and_combat:divine_stew":1,"minecraft:crafting_table":4,"minecraft:white_bed":6,"minecraft:apple":6,"minecraft:bread":10,"minecraft:stone_axe":26,"minecraft:cobblestone":15,"minecraft:cooked_porkchop":6,"minecraft:bucket":1,"minecraft:experience_bottle":2},"minecraft:crafted":{"ars_nouveau:archwood_planks":48,"minecraft:stone_pickaxe":1,"minecraft:spruce_boat":3,"minecraft:dark_oak_planks":8,"minecraft:crafting_table":4,"minecraft:spruce_planks":84,"minecraft:bucket":1,"minecraft:stone_axe":1,"minecraft:stick":12}},"DataVersion":3465}