{"stats":{"minecraft:dropped":{"farmersdelight:cabbage_seeds":1,"minecraft:rotten_flesh":2,"minecraft:saddle":1,"minecraft:white_bed":2,"minecraft:dirt":1,"ars_nouveau:worn_notebook":1,"minecraft:beetroot_seeds":5,"slu:dagger":1,"irons_spellbooks:arcane_essence":2,"minecraft:spruce_sapling":1,"minecraft:bone":1},"minecraft:picked_up":{"minecraft:crafting_table":1,"minecraft:feather":6,"statues:player_statue":1,"minecraft:chicken":3,"minecraft:leather":1,"minecraft:wooden_pickaxe":1,"slu:repairstone":4,"slu:estus_shard":12,"slu:estus_flask":6,"minecraft:dirt":6,"minecraft:blue_bed":4,"slu:metal_shard_2":2,"minecraft:bone":2,"dungeons_and_combat:combat_style_manual":3,"minecraft:wheat_seeds":1,"minecraft:bow":2,"slu:cloth_piece":15,"irons_spellbooks:arcane_essence":2,"slu:broken_sword":6,"minecraft:spruce_planks":6,"minecraft:iron_ingot":1,"minecraft:beef":3,"minecraft:stone_pickaxe":1,"minecraft:cooked_chicken":1,"minecraft:player_head":6,"farmersdelight:cabbage_seeds":1,"slu:dagger":4,"minecraft:tipped_arrow":2,"minecraft:stick":6,"minecraft:raw_iron":9,"minecraft:cooked_porkchop":5,"irons_spellbooks:frozen_bone":2,"slu:humanity":6,"sophisticatedbackpacks:backpack":1,"epicfight:skillbook":2,"minecraft:spruce_sapling":3,"minecraft:white_bed":2,"minecraft:spruce_log":6,"alexsmobs:animal_dictionary":3,"minecraft:spruce_boat":1,"minecraft:arrow":21,"minecraft:rotten_flesh":7,"minecraft:beetroot_seeds":10,"ars_nouveau:worn_notebook":4,"minecraft:bread":2,"minecraft:emerald":6,"alexsmobs:moose_ribs":1,"minecraft:gold_ingot":1,"ars_nouveau:sourceberry_bush":27,"minecraft:coal":66,"minecraft:cobblestone":26},"minecraft:custom":{"minecraft:interact_with_furnace":14,"lootr:looted_stat":19,"minecraft:mob_kills":24,"minecraft:interact_with_crafting_table":12,"minecraft:leave_game":1,"minecraft:time_since_death":41684,"minecraft:sleep_in_bed":2,"minecraft:climb_one_cm":2599,"minecraft:time_since_rest":41722,"minecraft:sprint_one_cm":347472,"minecraft:damage_taken":1924,"minecraft:walk_one_cm":359146,"minecraft:drop":12,"minecraft:damage_dealt":2939,"minecraft:player_kills":1,"minecraft:swim_one_cm":15046,"minecraft:fly_one_cm":129925,"minecraft:crouch_one_cm":1022,"waystones:waystone_activated":1,"minecraft:play_time":89132,"minecraft:deaths":3,"minecraft:sneak_time":206,"minecraft:walk_under_water_one_cm":2642,"minecraft:boat_one_cm":13215,"minecraft:jump":1001,"minecraft:walk_on_water_one_cm":11885,"minecraft:total_world_time":89132,"minecraft:fall_one_cm":11275},"minecraft:killed":{"minecraft:witch":1,"minecraft:vindicator":2,"minecraft:skeleton":4,"minecraft:pillager":7,"slu:siegmeyer":1,"minecraft:zombie":2,"slu:thief":1,"minecraft:chicken":3,"minecraft:stray":1,"alexsmobs:moose":1,"minecraft:cow":1},"minecraft:mined":{"minecraft:spruce_planks":3,"minecraft:dark_oak_fence":2,"minecraft:grass_block":3,"minecraft:spruce_leaves":5,"ars_nouveau:sourceberry_bush":10,"minecraft:blue_bed":2,"minecraft:iron_ore":9,"minecraft:spruce_log":5,"minecraft:grass":1,"minecraft:coal_ore":36,"minecraft:dirt":3,"minecraft:stone":20,"minecraft:stone_bricks":2,"minecraft:oak_leaves":10,"minecraft:fern":1},"minecraft:killed_by":{"alexsmobs:moose":1,"alexsmobs:tusklin":1,"slu:hollow_soldier_spear":1},"minecraft:used":{"epicfight:skillbook":3,"minecraft:stone_pickaxe":66,"minecraft:spruce_planks":1,"minecraft:wooden_pickaxe":4,"minecraft:iron_sword":10,"minecraft:blue_bed":3,"minecraft:player_head":5,"minecraft:cooked_chicken":2,"minecraft:rotten_flesh":2,"farmersdelight:onion":6,"minecraft:crafting_table":2,"alexsmobs:moose_ribs":1,"minecraft:carrot":3,"slu:estus_flask":2,"minecraft:spruce_boat":1,"minecraft:apple":4,"minecraft:chicken":3,"minecraft:bread":10,"slu:dagger":54,"statues:player_statue":1,"minecraft:diamond_sword":9,"minecraft:cobblestone":8,"minecraft:bow":39,"minecraft:beef":3,"ars_nouveau:sourceberry_bush":7,"minecraft:goat_horn":6,"minecraft:furnace":1,"minecraft:cooked_porkchop":2},"minecraft:crafted":{"minecraft:diamond_sword":1,"minecraft:crafting_table":3,"minecraft:spruce_planks":24,"minecraft:wooden_pickaxe":1,"minecraft:cooked_chicken":1,"minecraft:furnace":1,"minecraft:iron_chestplate":1,"minecraft:shield":1,"minecraft:stick":8,"minecraft:iron_ingot":9,"minecraft:stone_pickaxe":1}},"DataVersion":3465}